DROP DATABASE IF EXISTS MOVIEAPP;
CREATE DATABASE MOVIEAPP; 
USE MOVIEAPP;

DROP TABLE IF EXISTS REGISTERED_USER;
CREATE TABLE REGISTERED_USER (
	id					    varchar(30)	not null,
    first_name              varchar(30),
    last_name               varchar(30),
    email_address			varchar(30)	not null unique,
    password				varchar(30),
    address					varchar(60)	not null,
    credit_card		        varchar(20) not null,
    -- debit_credentials		varchar(20) not null,
    annual_fee_expiry_date  varchar(20) not null,
	primary key (id)
);

INSERT INTO REGISTERED_USER (id, first_name, last_name, email_address, password ,address, credit_card, annual_fee_expiry_date)
VALUES
('U_0001','Bob', 'The_Guy','btg@ucalgary.ca', '1234', '123 Streetname NW, Calgary, AB','1234 9876 0192 8374', '1002 0030 0400 5006'),
('U_0002','Real', 'Person','rperson@ucalgary.ca', '12345','8900 RealPlace NE, Calgary, AB','1046 2894 9101 3949', '5380 2918 2947 9088'),
('U_0003','Why', 'OhWhyat', 'wow@ucalgary.ca', '1346', '9031 RiverHouse SE, Calgary, AB','9374 0129 0932 5674', '0198 7352 0149 0284'),
('U_0004', 'Wendy', 'Thomas', 'wthomas@ucalgary.ca', 'burgers','257 East Broad Street SW, Calgary, AB', '1359 5656 6565 1598', '1526 6248 2587');


DROP TABLE IF EXISTS MOVIE;
CREATE TABLE MOVIE (
	movie_id					varchar(30)	not null,
	movie_name					varchar(70)	not null,
    isPresale					boolean not null,
    primary key (movie_id)
);

INSERT INTO MOVIE (movie_id, movie_name, isPresale)
VALUES
('M_001','Citizen Kane', false),
('M_002','Titanic', false),
('M_003','Demon Slayer', false),
('M_004','The Good, The Bad, And The Ugly', false);

DROP TABLE IF EXISTS THEATRE;
CREATE TABLE THEATRE(
	theatre_id					varchar(30)	not null,
	theatre_name 				varchar(30)	not null,
    primary key (theatre_id)
);

INSERT INTO THEATRE (theatre_id, theatre_name)
VALUES
('T_001','MovieTown NE'),
('T_002','Cineplex SW'),
('T_003','Landmark NE');

DROP TABLE IF EXISTS SHOWING;
CREATE TABLE SHOWING(
	theatre_id					varchar(30)	not null,
	movie_id					varchar(30)	not null,
    show_time					DateTime,
    primary key (theatre_id,movie_id,show_time),
    foreign key (theatre_id) references THEATRE(theatre_id),
    foreign key (movie_id) references MOVIE(movie_id)
);

INSERT INTO SHOWING (theatre_id, movie_id, show_time)
VALUES
('T_001','M_001','2022-11-26 09:00:00'),
('T_002','M_002','2022-11-26 11:00:00'),
('T_003','M_002','2022-11-26 13:00:00'),
('T_003','M_003','2022-11-26 09:00:00'),
('T_002','M_004','2022-12-10 09:00:00');

DROP TABLE IF EXISTS SEATS;
CREATE TABLE SEATS(
	seat_id					varchar(30)	not null,
    seat_label 				varchar(10) not null,
    theatre_id				varchar(30)	not null,
    movie_id				varchar(30)	not null,
    show_time				DateTime,
    booked					boolean,
    
	primary key (seat_id),
    foreign key (theatre_id,movie_id,show_time) references SHOWING(theatre_id,movie_id,show_time)
    
);

INSERT INTO SEATS (seat_id, seat_label, theatre_id, movie_id, show_time, booked)
VALUES
-- seat id follows pattern: S_MonthDayYear_Time_Theatre_Movie_Seat#
('S_112622_9_001_001_01','S_A01','T_001','M_001','2022-11-26 09:00:00', true),
('S_112622_9_001_001_02','S_A02','T_001','M_001','2022-11-26 09:00:00', false),
('S_112622_9_001_001_03','S_A03','T_001','M_001','2022-11-26 09:00:00', false),
('S_112622_9_001_001_04','S_A04','T_001','M_001','2022-11-26 09:00:00', false),
('S_112622_9_001_001_05','S_A05','T_001','M_001','2022-11-26 09:00:00', false),
('S_112622_9_001_001_06','S_A06','T_001','M_001','2022-11-26 09:00:00', true),
('S_112622_9_001_001_07','S_A07','T_001','M_001','2022-11-26 09:00:00', true),
('S_112622_9_001_001_08','S_A08','T_001','M_001','2022-11-26 09:00:00', false),
('S_112622_9_001_001_09','S_A09','T_001','M_001','2022-11-26 09:00:00', false),
('S_112622_9_001_001_10','S_A10','T_001','M_001','2022-11-26 09:00:00', false),
('S_112622_9_001_001_11','S_B01','T_001','M_001','2022-11-26 09:00:00', false),
('S_112622_9_001_001_12','S_B02','T_001','M_001','2022-11-26 09:00:00', false),
('S_112622_9_001_001_13','S_B03','T_001','M_001','2022-11-26 09:00:00', false),
('S_112622_9_001_001_14','S_B04','T_001','M_001','2022-11-26 09:00:00', false),
('S_112622_9_001_001_15','S_C01','T_001','M_001','2022-11-26 09:00:00', false),
('S_112622_9_001_001_16','S_C02','T_001','M_001','2022-11-26 09:00:00', false),
('S_112622_9_001_001_17','S_C03','T_001','M_001','2022-11-26 09:00:00', false),
('S_112622_9_001_001_18','S_C04','T_001','M_001','2022-11-26 09:00:00', false),
('S_112622_9_001_001_19','S_D01','T_001','M_001','2022-11-26 09:00:00', false),
('S_112622_9_001_001_20','S_D02','T_001','M_001','2022-11-26 09:00:00', true),
('S_112622_9_001_001_21','S_D03','T_001','M_001','2022-11-26 09:00:00', false),
('S_112622_9_001_001_22','S_D04','T_001','M_001','2022-11-26 09:00:00', false),
('S_112622_9_001_001_23','S_D05','T_001','M_001','2022-11-26 09:00:00', false),
('S_112622_9_001_001_24','S_D06','T_001','M_001','2022-11-26 09:00:00', false),
('S_112622_9_001_001_25','S_D07','T_001','M_001','2022-11-26 09:00:00', false),
('S_112622_9_001_001_26','S_D08','T_001','M_001','2022-11-26 09:00:00', false),
('S_112622_9_001_001_27','S_D09','T_001','M_001','2022-11-26 09:00:00', false),
('S_112622_9_001_001_28','S_D10','T_001','M_001','2022-11-26 09:00:00', false),
-- Second showing
('S_112622_11_002_002_1','S_A01','T_002','M_002','2022-11-26 11:00:00', false),
('S_112622_11_002_002_2','S_A02','T_002','M_002','2022-11-26 11:00:00', false),
('S_112622_11_002_002_3','S_A03','T_002','M_002','2022-11-26 11:00:00', false),
('S_112622_11_002_002_4','S_A04','T_002','M_002','2022-11-26 11:00:00', false),
('S_112622_11_002_002_5','S_A05','T_002','M_002','2022-11-26 11:00:00', true),
('S_112622_11_002_002_6','S_A06','T_002','M_002','2022-11-26 11:00:00', false),
('S_112622_11_002_002_7','S_A07','T_002','M_002','2022-11-26 11:00:00', false),
('S_112622_11_002_002_8','S_A08','T_002','M_002','2022-11-26 11:00:00', false),
('S_112622_11_002_002_9','S_A09','T_002','M_002','2022-11-26 11:00:00', false),
('S_112622_11_002_002_10','S_A10','T_002','M_002','2022-11-26 11:00:00', false),
('S_112622_11_002_002_11','S_B01','T_002','M_002','2022-11-26 11:00:00', true),
('S_112622_11_002_002_12','S_B02','T_002','M_002','2022-11-26 11:00:00', true),
('S_112622_11_002_002_13','S_B03','T_002','M_002','2022-11-26 11:00:00', true),
('S_112622_11_002_002_14','S_B04','T_002','M_002','2022-11-26 11:00:00', true),
('S_112622_11_002_002_15','S_C01','T_002','M_002','2022-11-26 11:00:00', false),
('S_112622_11_002_002_16','S_C02','T_002','M_002','2022-11-26 11:00:00', false),
('S_112622_11_002_002_17','S_C03','T_002','M_002','2022-11-26 11:00:00', false),
('S_112622_11_002_002_18','S_C04','T_002','M_002','2022-11-26 11:00:00', false),
('S_112622_11_002_002_19','S_D01','T_002','M_002','2022-11-26 11:00:00', false),
('S_112622_11_002_002_20','S_D02','T_002','M_002','2022-11-26 11:00:00', false),
('S_112622_11_002_002_21','S_D03','T_002','M_002','2022-11-26 11:00:00', false),
('S_112622_11_002_002_22','S_D04','T_002','M_002','2022-11-26 11:00:00', false),
('S_112622_11_002_002_23','S_D05','T_002','M_002','2022-11-26 11:00:00', false),
('S_112622_11_002_002_24','S_D06','T_002','M_002','2022-11-26 11:00:00', false),
('S_112622_11_002_002_25','S_D07','T_002','M_002','2022-11-26 11:00:00', false),
('S_112622_11_002_002_26','S_D08','T_002','M_002','2022-11-26 11:00:00', false),
('S_112622_11_002_002_27','S_D09','T_002','M_002','2022-11-26 11:00:00', false),
('S_112622_11_002_002_28','S_D10','T_002','M_002','2022-11-26 11:00:00', false),
-- Third Showing
('S_112622_9_003_003_1','S_A01','T_003','M_003','2022-11-26 09:00:00', false),
('S_112622_9_003_003_2','S_A02','T_003','M_003','2022-11-26 09:00:00', false),
('S_112622_9_003_003_3','S_A03','T_003','M_003','2022-11-26 09:00:00', false),
('S_112622_9_003_003_4','S_A04','T_003','M_003','2022-11-26 09:00:00', true),
('S_112622_9_003_003_5','S_A05','T_003','M_003','2022-11-26 09:00:00', false),
('S_112622_9_003_003_6','S_A06','T_003','M_003','2022-11-26 09:00:00', false),
('S_112622_9_003_003_7','S_A07','T_003','M_003','2022-11-26 09:00:00', false),
('S_112622_9_003_003_8','S_A08','T_003','M_003','2022-11-26 09:00:00', false),
('S_112622_9_003_003_9','S_A09','T_003','M_003','2022-11-26 09:00:00', false),
('S_112622_9_003_003_10','S_A10','T_003','M_003','2022-11-26 09:00:00', false),
('S_112622_9_003_003_11','S_B01','T_003','M_003','2022-11-26 09:00:00', false),
('S_112622_9_003_003_12','S_B02','T_003','M_003','2022-11-26 09:00:00', false),
('S_112622_9_003_003_13','S_B03','T_003','M_003','2022-11-26 09:00:00', false),
('S_112622_9_003_003_14','S_B04','T_003','M_003','2022-11-26 09:00:00', false),
('S_112622_9_003_003_15','S_C01','T_003','M_003','2022-11-26 09:00:00', false),
('S_112622_9_003_003_16','S_C02','T_003','M_003','2022-11-26 09:00:00', false),
('S_112622_9_003_003_17','S_C03','T_003','M_003','2022-11-26 09:00:00', false),
('S_112622_9_003_003_18','S_C04','T_003','M_003','2022-11-26 09:00:00', false),
('S_112622_9_003_003_19','S_D01','T_003','M_003','2022-11-26 09:00:00', false),
('S_112622_9_003_003_20','S_D02','T_003','M_003','2022-11-26 09:00:00', false),
('S_112622_9_003_003_21','S_D03','T_003','M_003','2022-11-26 09:00:00', false),
('S_112622_9_003_003_22','S_D04','T_003','M_003','2022-11-26 09:00:00', false),
('S_112622_9_003_003_23','S_D05','T_003','M_003','2022-11-26 09:00:00', false),
('S_112622_9_003_003_24','S_D06','T_003','M_003','2022-11-26 09:00:00', false),
('S_112622_9_003_003_25','S_D07','T_003','M_003','2022-11-26 09:00:00', false),
('S_112622_9_003_003_26','S_D08','T_003','M_003','2022-11-26 09:00:00', false),
('S_112622_9_003_003_27','S_D09','T_003','M_003','2022-11-26 09:00:00', true),
('S_112622_9_003_003_28','S_D10','T_003','M_003','2022-11-26 09:00:00', true),
-- Fourth Showing
('S_112622_13_003_002_1','S_A01','T_003','M_002','2022-11-26 13:00:00', false),
('S_112622_13_003_002_2','S_A02','T_003','M_002','2022-11-26 13:00:00', false),
('S_112622_13_003_002_3','S_A03','T_003','M_002','2022-11-26 13:00:00', false),
('S_112622_13_003_002_4','S_A04','T_003','M_002','2022-11-26 13:00:00', false),
('S_112622_13_003_002_5','S_A05','T_003','M_002','2022-11-26 13:00:00', false),
('S_112622_13_003_002_6','S_A06','T_003','M_002','2022-11-26 13:00:00', false),
('S_112622_13_003_002_7','S_A07','T_003','M_002','2022-11-26 13:00:00', true),
('S_112622_13_003_002_8','S_A08','T_003','M_002','2022-11-26 13:00:00', false),
('S_112622_13_003_002_9','S_A09','T_003','M_002','2022-11-26 13:00:00', false),
('S_112622_13_003_002_10','S_A10','T_003','M_002','2022-11-26 13:00:00', false),
('S_112622_13_003_002_11','S_B01','T_003','M_002','2022-11-26 13:00:00', false),
('S_112622_13_003_002_12','S_B02','T_003','M_002','2022-11-26 13:00:00', false),
('S_112622_13_003_002_13','S_B03','T_003','M_002','2022-11-26 13:00:00', false),
('S_112622_13_003_002_14','S_B04','T_003','M_002','2022-11-26 13:00:00', false),
('S_112622_13_003_002_15','S_C01','T_003','M_002','2022-11-26 13:00:00', false),
('S_112622_13_003_002_16','S_C02','T_003','M_002','2022-11-26 13:00:00', false),
('S_112622_13_003_002_17','S_C03','T_003','M_002','2022-11-26 13:00:00', false),
('S_112622_13_003_002_18','S_C04','T_003','M_002','2022-11-26 13:00:00', false),
('S_112622_13_003_002_19','S_D01','T_003','M_002','2022-11-26 13:00:00', false),
('S_112622_13_003_002_20','S_D02','T_003','M_002','2022-11-26 13:00:00', false),
('S_112622_13_003_002_21','S_D03','T_003','M_002','2022-11-26 13:00:00', false),
('S_112622_13_003_002_22','S_D04','T_003','M_002','2022-11-26 13:00:00', false),
('S_112622_13_003_002_23','S_D05','T_003','M_002','2022-11-26 13:00:00', false),
('S_112622_13_003_002_24','S_D06','T_003','M_002','2022-11-26 13:00:00', false),
('S_112622_13_003_002_25','S_D07','T_003','M_002','2022-11-26 13:00:00', false),
('S_112622_13_003_002_26','S_D08','T_003','M_002','2022-11-26 13:00:00', false),
('S_112622_13_003_002_27','S_D09','T_003','M_002','2022-11-26 13:00:00', true),
('S_112622_13_003_002_28','S_D10','T_003','M_002','2022-11-26 13:00:00', true),
-- Fifth Showing
('S_121022_9_002_004_1','S_A01','T_002','M_004','2022-12-10 09:00:00', false),
('S_121022_9_002_004_2','S_A02','T_002','M_004','2022-12-10 09:00:00', false),
('S_121022_9_002_004_3','S_A03','T_002','M_004','2022-12-10 09:00:00', false),
('S_121022_9_002_004_4','S_A04','T_002','M_004','2022-12-10 09:00:00', false),
('S_121022_9_002_004_5','S_A05','T_002','M_004','2022-12-10 09:00:00', false),
('S_121022_9_002_004_6','S_A06','T_002','M_004','2022-12-10 09:00:00', false),
('S_121022_9_002_004_7','S_A07','T_002','M_004','2022-12-10 09:00:00', false),
('S_121022_9_002_004_8','S_A08','T_002','M_004','2022-12-10 09:00:00', false),
('S_121022_9_002_004_9','S_A09','T_002','M_004','2022-12-10 09:00:00', false),
('S_121022_9_002_004_10','S_A10','T_002','M_004','2022-12-10 09:00:00', false),
('S_121022_9_002_004_11','S_B01','T_002','M_004','2022-12-10 09:00:00', false),
('S_121022_9_002_004_12','S_B02','T_002','M_004','2022-12-10 09:00:00', false),
('S_121022_9_002_004_13','S_B03','T_002','M_004','2022-12-10 09:00:00', false),
('S_121022_9_002_004_14','S_B04','T_002','M_004','2022-12-10 09:00:00', false),
('S_121022_9_002_004_15','S_C01','T_002','M_004','2022-12-10 09:00:00', true),
('S_121022_9_002_004_16','S_C02','T_002','M_004','2022-12-10 09:00:00', true),
('S_121022_9_002_004_17','S_C03','T_002','M_004','2022-12-10 09:00:00', false),
('S_121022_9_002_004_18','S_C04','T_002','M_004','2022-12-10 09:00:00', false),
('S_121022_9_002_004_19','S_D01','T_002','M_004','2022-12-10 09:00:00', false),
('S_121022_9_002_004_20','S_D02','T_002','M_004','2022-12-10 09:00:00', false),
('S_121022_9_002_004_21','S_D03','T_002','M_004','2022-12-10 09:00:00', false),
('S_121022_9_002_004_22','S_D04','T_002','M_004','2022-12-10 09:00:00', false),
('S_121022_9_002_004_23','S_D05','T_002','M_004','2022-12-10 09:00:00', false),
('S_121022_9_002_004_24','S_D06','T_002','M_004','2022-12-10 09:00:00', false),
('S_121022_9_002_004_25','S_D07','T_002','M_004','2022-12-10 09:00:00', false),
('S_121022_9_002_004_26','S_D08','T_002','M_004','2022-12-10 09:00:00', true),
('S_121022_9_002_004_27','S_D09','T_002','M_004','2022-12-10 09:00:00', false),
('S_121022_9_002_004_28','S_D10','T_002','M_004','2022-12-10 09:00:00', false);

-- Look into this if we have time- Loading data drom csv
-- LOAD DATA INFILE 'C:\Users\AlexTheGr8\Desktop\MEng\Fall\ENSF614(Advanced_System_Analysis_and_Software_Design)\Project\movie-ticket-reservation-app\database\Seats.csv'
-- INTO TABLE SEATS
-- FIELDS TERMINATED BY ',' ENCLOSED BY '"'
-- LINES TERMINATED BY '\n'
-- IGNORE 1 ROWS
-- (seat_id,theatre_id,movie_id,@show_time,booked)
-- SET show_time = STR_TO_DATE(show_time, '%Y-%m-%d %H:%M');

DROP TABLE IF EXISTS TICKET;
CREATE TABLE TICKET(
	ticket_id				varchar(30)	not null,
    user_id					varchar(30),
    seat_id					varchar(30) not null,
    cost					varchar(5) not null,
    isCredited				boolean not null,
	primary key (ticket_id),
    foreign key (seat_id) references SEATS(seat_id),
    foreign key (user_id) references REGISTERED_USER(id)

);

INSERT INTO TICKET (ticket_id, user_id, seat_id, cost, isCredited)
VALUES
('TK_0001','U_0001','S_112622_9_001_001_01', 10.00, false),
('TK_0002','U_0002','S_112622_11_002_002_11', 10.00, false),
('TK_0003','U_0002','S_112622_11_002_002_12', 10.00, false),
('TK_0004','U_0002','S_112622_11_002_002_13', 10.00, false),
('TK_0005','U_0002','S_112622_11_002_002_14', 10.00, false),
('TK_0006','U_0003','S_112622_9_003_003_27', 10.00, false),
('TK_0007','U_0003','S_112622_9_003_003_28', 10.00, false),
('TK_0008','U_0003','S_112622_9_003_003_27', 10.00, false),
('TK_0009','U_0003','S_112622_9_003_003_28', 10.00, false),
('TK_0010', 'U_0004','S_112622_9_001_001_06', 10.00, false),
('TK_0011', 'U_0004','S_112622_9_001_001_07', 10.00, false),
('TK_0012', 'U_0004','S_121022_9_002_004_15', 10.00, false),
('TK_0013', 'U_0004','S_121022_9_002_004_16', 10.00, false),
('TK_0014', null,'S_112622_9_001_001_20', 10.00, false),
('TK_0015', null,'S_112622_11_002_002_5', 10.00, false),
('TK_0016', null,'S_112622_9_003_003_4', 10.00, false),
('TK_0017', null,'S_112622_13_003_002_7', 10.00, false),
('TK_0018', null,'S_121022_9_002_004_26', 10.00, false);